city,bedrooms,bathrooms,sqft,year_built,floor,price
Bengaluru,5,3,1430,1977,28,17954175.49
Mumbai,3,1,3471,2009,23,63214332.67
Hyderabad,5,2,2691,2013,29,27858529.75
Mumbai,4,2,321,2013,24,6555986.42
Pune,3,3,2347,1997,27,21751732.5
Delhi,3,3,1567,1972,4,23778830.35
Hyderabad,5,1,2514,1987,3,25802610.06
Bengaluru,2,1,3245,1989,27,39328172.35
Bengaluru,4,1,1075,2016,2,13526643.96
Hyderabad,2,2,2913,2011,3,29566147.91
Mumbai,2,2,1879,2003,9,34234491.07
Ahmedabad,4,1,2643,1990,15,19151540.88
Delhi,5,2,2564,2014,8,39287526.41
Mumbai,1,1,2327,1977,23,41949933.97
Mumbai,3,1,691,2004,2,12805862.6
Chennai,4,2,3404,2017,22,33143263.01
Pune,5,3,3031,2009,21,28288239.19
Mumbai,3,1,1328,1995,22,24474282.63
Delhi,3,1,506,1984,25,8046963.77
Pune,4,2,2832,1992,6,26089079.41
Bengaluru,3,1,1359,1982,6,16588320.51
Ahmedabad,5,2,3360,1975,27,24274859.44
Delhi,4,2,2281,1980,25,34848789.99
Chennai,1,1,1606,2021,12,15458072.16
Chennai,3,1,617,2006,0,6269082.84
Ahmedabad,1,1,2153,2018,25,15326817.82
Ahmedabad,2,3,3484,2006,16,24907849.76
Mumbai,1,1,1961,1971,20,35385592.19
Bengaluru,4,3,502,1986,5,6806223.54
Hyderabad,3,3,3099,1985,0,31367851.91
Mumbai,3,2,2811,1998,2,51219528.4
Mumbai,3,3,446,1989,6,8637887.15
Mumbai,1,3,2685,2009,0,48733536.61
Mumbai,2,3,562,1985,25,10650865.36
Ahmedabad,4,1,2349,1970,15,16928025.97
Chennai,1,1,3470,1988,15,33125127.71
Chennai,4,2,3491,2002,23,33976743.86
Hyderabad,1,3,2500,1998,17,25428215.0
Mumbai,2,2,3169,2004,15,57471611.44
Mumbai,3,1,939,2002,15,17361334.14
Mumbai,3,2,1345,2015,29,24908831.86
Chennai,3,3,525,1990,29,5674792.16
Hyderabad,1,1,3367,2017,18,34068387.9
Mumbai,4,2,2824,2015,20,51673741.94
Chennai,4,1,1360,1993,28,13617859.01
Ahmedabad,1,3,2600,1990,22,18519173.69
Pune,3,2,2116,2011,21,19739406.0
Mumbai,2,3,454,2011,1,8788035.0
Pune,1,1,545,2017,6,5197409.76
Delhi,1,1,3175,1976,24,47681687.65
Hyderabad,4,1,2859,2015,15,29300468.1
Bengaluru,3,1,874,1991,25,10940247.29
Chennai,1,2,1137,1984,21,10852176.98
Chennai,4,1,1426,1973,5,14026082.07
Mumbai,4,2,346,2004,22,6984424.44
Bengaluru,2,3,1669,2006,25,20559102.62
Ahmedabad,1,1,1964,1970,14,13798421.36
Delhi,5,1,1196,1985,28,18581021.82
Delhi,5,2,3208,2024,2,48976540.69
Delhi,1,1,1543,1974,14,23087606.42
Mumbai,4,1,1527,1985,25,28146927.39
Pune,5,3,2085,1979,21,19677991.73
Hyderabad,2,3,3109,1988,25,31824962.67
Delhi,2,1,1195,2001,26,18321733.08
Delhi,4,2,2727,2002,0,41588497.42
Hyderabad,1,1,1491,1979,10,14997364.57
Mumbai,5,3,2846,2019,2,52296416.91
Bengaluru,2,2,3369,2003,18,40764702.05
Pune,4,2,1949,2014,10,18324961.11
Delhi,1,2,2192,1978,23,33116505.13
Delhi,1,3,1871,1987,16,28291463.78
Ahmedabad,5,1,1848,1992,24,13813954.99
Pune,1,1,2409,1989,15,21682400.08
Mumbai,4,1,375,1978,6,7157581.19
Ahmedabad,4,3,1690,1985,20,12586152.6
Hyderabad,5,1,1467,2008,12,15410621.07
Ahmedabad,2,3,2745,2000,25,19833009.58
Pune,2,3,2935,1978,9,26753235.41
Chennai,1,1,1842,2015,12,17698564.62
Chennai,2,1,2376,2006,5,22773457.16
Ahmedabad,5,1,1665,2021,16,12491861.8
Mumbai,5,2,2514,1996,9,46170808.91
Chennai,3,1,952,2019,27,9806212.62
Delhi,1,3,3372,1972,12,50802731.36
Pune,1,3,1831,2018,24,16926543.9
Ahmedabad,4,1,3019,2014,28,21934614.12
Pune,5,3,3111,2006,3,28946890.19
Bengaluru,1,1,1849,1984,0,22217348.05
Hyderabad,3,3,3318,1981,9,33870184.23
Pune,4,2,3045,2019,27,28205336.14
Mumbai,1,3,2849,1986,8,51593033.91
Delhi,5,1,1881,2004,28,29033847.71
Ahmedabad,3,1,2138,1994,1,15247461.54
Bengaluru,1,2,523,2016,16,6636166.79
Bengaluru,2,3,1540,1991,26,19002050.81
Bengaluru,3,3,684,1990,15,8820297.84
Mumbai,4,1,3056,2000,4,55583419.5
Delhi,5,2,382,1986,20,6548758.45
Bengaluru,1,3,984,1982,3,12054929.19
Hyderabad,4,3,3443,2008,25,35220028.63
Bengaluru,3,3,567,1970,21,7357097.02
Bengaluru,5,1,877,1980,18,11326367.08
Chennai,4,2,3153,2019,1,30754368.2
Mumbai,2,1,465,2002,23,8914196.22
Chennai,2,3,2428,1974,28,23354729.4
Bengaluru,2,2,2400,1971,12,29045556.18
Mumbai,3,3,2206,2016,24,40660358.02
Bengaluru,4,1,2187,1972,26,26700851.62
Hyderabad,2,1,2981,2020,18,30214741.0
Pune,5,2,2992,2010,11,27901625.02
Mumbai,2,1,1401,1995,12,25457980.95
Bengaluru,3,3,347,1986,25,4762111.22
Chennai,1,3,1576,2021,14,15475975.3
Pune,4,3,2425,1993,1,22515520.44
Delhi,3,3,1330,1972,14,20482746.16
Mumbai,2,2,3153,2004,18,57251085.2
Pune,1,3,784,1997,9,7446167.98
Mumbai,4,1,2492,1982,19,45433866.89
Bengaluru,2,3,532,2014,17,6960189.46
Hyderabad,1,3,2772,2006,5,27971097.26
Chennai,2,3,2275,2014,5,22010614.59
Mumbai,4,2,3190,1999,23,58210037.54
Chennai,3,3,2890,2009,4,28116220.26
Chennai,1,2,2851,2007,18,27387707.29
Chennai,2,3,3062,1977,25,29588640.97
Mumbai,4,3,1023,2002,19,19173061.21
Pune,1,2,953,2007,4,8878140.18
Pune,3,1,1201,2019,23,11424863.85
Mumbai,2,2,2360,2009,1,43056190.26
Delhi,1,1,2665,2013,17,40181646.84
Mumbai,3,1,2935,2004,2,53279680.95
Mumbai,5,3,1172,2006,13,22084252.61
Delhi,3,1,2352,1988,26,35814389.19
Pune,2,1,2749,2009,7,25095476.52
Bengaluru,3,1,2769,2002,22,33912843.96
Pune,2,2,1120,2009,7,10368638.34
Hyderabad,3,2,1969,1972,6,20138293.7
Mumbai,5,1,2335,1999,6,42847229.03
Hyderabad,5,2,1420,2006,26,15265781.7
Chennai,1,2,3153,1982,14,30150662.76
Chennai,4,3,2394,1973,11,23484435.09
Delhi,3,1,1983,1980,29,30354945.38
Chennai,2,2,662,1981,25,6668442.47
Hyderabad,4,3,3351,2005,15,34536485.73
Delhi,5,3,3477,2018,27,53194610.27
Mumbai,1,2,3126,1992,0,56398322.47
Mumbai,5,2,1945,2005,21,35887125.9
Pune,3,3,3008,2016,8,27833150.64
Delhi,2,1,416,1995,8,6493198.66
Chennai,2,3,774,2003,26,7837196.82
Bengaluru,3,3,1175,2020,21,14869467.72
Bengaluru,1,1,584,2012,21,7172468.4
Pune,2,1,3420,1976,16,30931071.15
Ahmedabad,1,3,2092,2001,12,14960837.15
Bengaluru,3,3,1251,1988,29,15616107.04
Mumbai,3,2,1068,1983,18,19670251.28
Bengaluru,2,2,1287,2018,17,16081337.39
Mumbai,5,3,1099,1979,9,20585566.11
Chennai,2,1,2434,2024,27,23730776.27
Pune,3,3,627,2023,24,6269054.11
Delhi,3,3,3354,1977,1,50864984.43
Ahmedabad,4,1,481,1990,13,3970625.97
Pune,2,3,629,1976,0,5982090.64
Bengaluru,2,1,3162,1974,19,38063910.91
Pune,2,3,770,2024,11,7481957.56
Delhi,1,2,1376,2013,2,20981254.96
Ahmedabad,4,1,3061,1999,23,22090408.82
Mumbai,2,3,2873,1978,7,52080691.48
Delhi,1,3,2081,1991,10,31401440.42
Chennai,2,3,1104,1980,5,10810208.42
Chennai,5,2,1679,2010,5,16798604.29
Bengaluru,4,3,641,1990,26,8432660.65
Chennai,3,2,2615,2014,24,25738360.95
Chennai,5,2,2981,2015,1,29167245.16
Mumbai,3,1,3166,2022,3,57499999.53
Chennai,3,3,3091,2004,21,30151107.37
Bengaluru,5,1,2085,2005,14,25868605.35
Mumbai,3,1,2326,2003,8,42206465.6
Delhi,5,1,3060,2009,16,46862398.27
Hyderabad,1,3,430,2019,4,4623657.67
Mumbai,3,2,401,2003,11,7714829.03
Chennai,5,1,629,2024,16,6860698.51
Mumbai,3,3,3008,1986,22,54816015.8
Ahmedabad,2,1,1591,1984,26,11551438.82
Ahmedabad,5,2,346,2001,9,3156920.29
Pune,5,3,436,2020,15,5172478.2
Mumbai,3,3,1800,1987,29,33039649.89
Bengaluru,1,2,1482,1993,2,17890909.92
Hyderabad,5,2,430,2006,10,5265460.49
Mumbai,1,1,3329,1994,12,59985431.42
Hyderabad,5,2,1431,1971,22,15080492.92
Mumbai,5,1,1597,2001,2,29464409.47
Mumbai,4,1,1257,2018,28,23409057.82
Hyderabad,4,3,2724,1979,29,27950582.08
Bengaluru,4,1,2924,1999,16,35693971.16
Pune,4,2,2281,2006,24,21249617.05
Pune,5,2,2298,1978,14,21551040.04
Mumbai,2,1,2408,2006,10,43599131.68
Hyderabad,3,2,2168,2003,24,22292232.03
Bengaluru,5,3,1633,2022,18,20665345.51
Bengaluru,2,3,525,1995,8,6774430.15
Pune,5,2,3418,1992,16,31537170.36
Bengaluru,4,2,2076,2011,2,25675672.52
Mumbai,3,2,1080,2016,24,20208882.48
Hyderabad,5,2,1590,2010,23,16800976.9
Chennai,1,2,1655,2011,8,15971483.88
Pune,1,1,1718,2003,23,15678163.46
Bengaluru,5,1,1095,1974,12,13783170.31
Chennai,5,2,2696,2020,25,26771200.26
Bengaluru,5,1,1612,1975,23,20104638.6
Delhi,4,1,2918,2017,8,44356488.3
Ahmedabad,4,3,2769,1976,4,19938598.85
Chennai,2,1,1354,1992,9,13093374.13
Delhi,2,2,888,1998,11,13633315.28
Mumbai,5,2,1990,2018,8,36626211.51
Hyderabad,5,3,1307,1975,18,13959700.29
Delhi,2,1,1547,2003,27,23658631.72
Mumbai,4,2,1030,1986,11,19174928.73
Mumbai,2,2,3052,1991,25,55512632.16
Hyderabad,4,3,328,1980,0,3835810.06
Pune,3,3,869,1992,25,8461960.66
Ahmedabad,3,1,338,1984,22,2703005.2
Chennai,3,2,2010,1983,19,19487575.65
Ahmedabad,4,1,320,2016,15,3019796.59
Chennai,4,2,1982,1974,2,19254673.14
Delhi,2,1,2155,2018,24,32696292.56
Delhi,2,3,2839,1985,26,43082418.03
Delhi,2,3,2734,1998,11,41506540.26
Mumbai,4,2,3246,1989,13,59204049.02
Pune,1,2,1316,1991,21,12209083.11
Pune,2,3,1387,1982,16,12851815.49
Hyderabad,3,1,1028,2002,27,10636089.65
Delhi,3,2,1411,2010,16,21793020.97
Mumbai,4,1,1013,2009,17,18846056.44
Pune,2,1,3148,2010,12,28586170.25
Ahmedabad,2,2,2469,2019,14,17694414.44
Mumbai,4,1,2195,1980,28,40249958.41
Chennai,2,2,1407,2016,26,13940134.06
Bengaluru,3,2,321,1995,2,4456851.86
Hyderabad,4,1,1860,2014,18,19278176.36
Mumbai,4,1,2227,1998,22,40695960.51
Mumbai,2,3,961,2006,23,17851451.94
Ahmedabad,3,2,1054,2004,28,8002409.88
Chennai,2,1,2371,1989,4,22611013.27
Pune,4,2,2879,1993,17,26613956.15
Bengaluru,5,2,1835,2005,1,22918767.86
Hyderabad,4,2,594,2011,18,6784039.86
Mumbai,5,2,2368,1984,0,43343341.97
Mumbai,4,2,1922,2011,11,35359451.27
Bengaluru,5,1,2665,2023,27,32749025.66
Bengaluru,1,2,1137,1986,26,13819083.97
Chennai,5,3,1772,2009,11,17668902.58
Mumbai,5,3,2634,1980,9,48054387.4
Chennai,1,1,2099,2012,11,20180833.91
Delhi,4,1,3478,2006,14,52799269.2
Chennai,4,3,2042,1975,11,20210139.84
Bengaluru,4,2,2681,1971,8,32760210.36
Mumbai,3,2,2832,2022,26,51705155.67
Pune,1,3,1529,1981,9,13937524.31
Delhi,2,1,1508,2008,23,22833590.0
Bengaluru,2,3,1617,1989,22,19798922.57
Delhi,2,1,428,2024,7,6881541.45
Mumbai,5,3,385,2016,1,7871772.47
Pune,2,3,3091,2018,11,28376856.45
Mumbai,1,2,2287,2002,0,41412098.42
Bengaluru,5,1,1309,1975,8,16236559.61
Chennai,1,1,2932,2022,12,28080652.91
Hyderabad,4,2,318,1975,1,3668863.68
Delhi,1,3,1150,2014,10,17517473.64
Hyderabad,5,3,3436,1981,25,35183067.07
Bengaluru,5,3,3175,1998,24,39160085.26
Bengaluru,2,3,3214,1977,13,39112690.32
Hyderabad,2,2,1326,1990,25,13539546.13
Bengaluru,3,3,1649,2015,17,20526677.68
Delhi,3,1,320,1992,10,5194785.14
Ahmedabad,4,1,440,1991,18,3711366.76
Mumbai,5,1,2841,1996,28,51977391.53
Pune,4,2,1981,1971,16,18510360.18
Ahmedabad,2,1,649,1980,6,4650464.03
Bengaluru,1,2,744,2011,23,9327082.98
Ahmedabad,4,2,2098,2023,0,15474160.3
Mumbai,5,3,3489,1990,21,63539846.98
Hyderabad,2,1,2106,1979,23,21416953.58
Chennai,1,2,1158,2006,3,11206927.68
Pune,3,3,3204,1987,18,29359172.24
Hyderabad,1,3,3479,2003,0,35241611.93
Mumbai,1,2,3152,1984,2,56928110.33
Pune,5,1,740,1994,1,7516841.84
Pune,5,2,1877,2023,28,18011110.72
Ahmedabad,4,2,1903,1995,5,14044323.93
Hyderabad,5,2,335,2009,4,4111937.66
Pune,4,1,2908,1971,27,26660096.11
Delhi,3,1,3123,2007,7,47357010.11
Pune,3,2,1453,1992,11,13746428.48
Hyderabad,1,3,2701,1992,29,27449475.48
Mumbai,5,1,2634,2016,24,48173317.68
Mumbai,2,2,3017,2024,15,54834398.49
Bengaluru,4,3,3475,2023,4,42580688.96
Delhi,4,1,585,1990,19,9315065.66
Delhi,1,1,3131,1981,5,47018027.42
Mumbai,5,2,780,1992,17,14777460.03
Pune,1,1,2796,1980,2,25055972.21
Bengaluru,2,2,610,1975,2,7569224.08
Hyderabad,4,2,311,2016,16,4017165.77
Mumbai,2,1,2126,1999,23,38774937.0
Mumbai,4,2,372,1984,20,7371821.24
Mumbai,3,2,3278,1987,13,59493042.87
Chennai,1,1,3169,2002,3,30249139.78
Hyderabad,1,2,2683,2023,13,27195828.21
Bengaluru,1,1,3488,2003,7,41906053.1
Bengaluru,4,1,3450,1973,12,41920620.61
Bengaluru,5,3,1145,1989,17,14639319.07
Pune,5,3,553,1971,27,5727017.65
Hyderabad,2,2,2692,1971,29,27129987.62
Ahmedabad,5,3,1379,1984,8,10379537.96
Mumbai,4,2,1182,1976,15,21845172.76
Delhi,1,3,1875,1986,4,28217256.11
Hyderabad,4,2,3434,2006,19,35172994.82
Bengaluru,5,3,2866,1996,27,35266643.55
Bengaluru,5,2,1506,1971,29,18851011.73
Bengaluru,5,2,2211,2008,4,27297471.5
Bengaluru,5,3,928,1995,29,12118524.88
Mumbai,4,2,1043,2004,8,19549952.26
Bengaluru,2,1,2972,2010,16,36074684.19
Hyderabad,1,1,871,2017,28,9066014.14
Pune,5,3,1058,2003,7,10423662.08
Chennai,1,3,3303,1992,23,31716090.76
Mumbai,1,3,2390,1970,12,43215737.44
Delhi,3,1,1968,1989,20,29908470.78
Ahmedabad,4,3,1534,1976,18,11241249.13
Mumbai,3,2,1584,1974,29,28948163.24
Bengaluru,1,3,659,1994,8,8171421.55
Bengaluru,2,3,2127,1973,13,25945975.95
Pune,4,3,1811,1971,21,16969771.2
Bengaluru,4,2,822,1979,14,10482396.36
Mumbai,3,2,2471,1994,17,44945335.83
Ahmedabad,4,1,985,2018,23,7714694.99
Pune,2,1,3369,1990,29,30642184.51
Chennai,4,3,555,1991,21,6079475.04
Delhi,3,3,387,2013,12,6442891.45
Bengaluru,5,1,1676,1972,21,20926910.0
Chennai,1,1,1434,1977,9,13707883.91
Hyderabad,1,1,814,1970,3,8093278.14
Delhi,3,1,3381,1990,13,51066958.36
Hyderabad,3,2,3284,2017,12,33601115.27
Chennai,2,2,3383,1986,13,32678506.91
Mumbai,2,1,3391,1980,15,61231664.84
Chennai,5,2,2479,2016,28,24489872.49
Hyderabad,2,2,526,1995,4,5558481.49
Bengaluru,1,3,2930,1973,28,35397053.91
Hyderabad,5,2,1378,2021,3,14683401.97
Hyderabad,3,3,359,1988,16,4121678.36
Hyderabad,3,2,963,2014,11,10295711.0
Delhi,3,1,1039,1999,22,16171424.42
Delhi,1,2,1130,2021,16,17441075.98
Ahmedabad,4,2,2136,2002,16,15727464.93
Hyderabad,4,3,2310,1984,5,23784302.42
Ahmedabad,3,1,1942,2018,29,14123864.68
Chennai,5,2,2200,2020,20,21838327.01
Bengaluru,4,1,3264,1979,4,39533927.86
Delhi,2,2,3090,2008,17,46817992.44
Mumbai,1,2,985,2013,27,18126676.93
Bengaluru,4,1,847,1990,29,10884906.42
Ahmedabad,2,1,504,1975,11,3657587.08
Mumbai,4,3,2943,1987,25,53593169.07
Pune,3,3,3441,1984,17,31601697.5
Delhi,3,3,1243,1976,20,19181236.06
Pune,1,1,2661,1990,17,24040679.02
Mumbai,2,1,3331,2018,18,60417565.16
Ahmedabad,5,1,2508,2019,20,18445487.77
Pune,2,1,2674,1991,22,24415954.91
Pune,4,2,2390,2010,6,22227811.83
Delhi,1,2,1265,2015,5,19241068.63
Mumbai,1,2,3189,2003,15,57769023.24
Bengaluru,5,3,3457,1981,23,42344820.03
Pune,3,3,2154,2018,6,20088880.89
Chennai,2,3,1391,2015,19,13683809.76
Chennai,4,2,3348,2009,25,32618599.5
Delhi,1,3,2413,1994,23,36615648.78
Bengaluru,4,3,1073,2008,19,13719773.02
Bengaluru,3,2,1750,1988,4,21298538.52
Delhi,4,1,3443,2024,8,52376052.14
Bengaluru,2,2,3175,1989,5,38353516.01
Chennai,3,3,1949,2012,7,19257896.87
Bengaluru,4,1,1314,1977,4,16290543.94
Pune,3,1,1847,1980,13,17038414.94
Pune,1,3,3480,2024,20,31896898.68
Mumbai,2,3,1894,2024,26,34871587.36
Delhi,3,1,2543,1994,19,38550570.25
Chennai,4,2,1757,1975,18,17339215.39
Delhi,1,3,1773,2016,11,26825251.61
Bengaluru,3,2,1285,2017,20,16041374.24
Mumbai,2,2,1740,1990,2,31583659.35
Bengaluru,2,3,3300,1992,15,39976207.19
Hyderabad,1,1,2967,1980,29,29823036.03
Mumbai,2,2,782,2009,23,14581843.57
Mumbai,1,1,1267,2024,22,23123059.59
Chennai,5,3,1636,2022,20,16569465.86
Hyderabad,4,1,850,1978,2,9023740.58
Mumbai,3,3,1677,2015,5,30878694.22
Pune,5,2,1982,1999,13,18652787.93
Bengaluru,2,2,2050,1991,15,24963688.1
Delhi,3,3,1749,1988,8,26860257.06
Hyderabad,1,3,3290,2021,13,33499548.18
Mumbai,5,1,3023,2009,16,55093184.0
Hyderabad,3,1,2681,1999,8,27226298.6
Mumbai,4,2,1921,2010,23,35436744.37
Mumbai,3,3,793,2019,20,14982053.5
Bengaluru,5,1,2286,2013,0,28216526.95
Mumbai,3,1,781,1993,0,14564732.9
Mumbai,4,2,2521,2016,14,46233864.25
Bengaluru,5,3,1873,1989,24,23424400.76
Delhi,4,3,1778,1997,27,27563185.59
Ahmedabad,4,2,2307,2003,26,16875062.37
Delhi,1,3,2561,1994,17,38699832.9
Mumbai,3,2,740,1998,12,13678379.93
Bengaluru,3,1,2175,2018,12,26747721.22
Mumbai,3,1,901,2008,20,16772689.44
Bengaluru,2,3,2729,2010,8,33206537.78
Delhi,5,3,482,2010,6,8243297.04
Bengaluru,3,2,1206,1982,13,14902434.49
Delhi,5,1,1432,1981,28,22140118.7
Pune,5,2,2450,1997,25,23000029.07
Mumbai,5,3,1026,2018,14,19526573.24
Chennai,2,2,1647,1999,0,15804354.77
Mumbai,4,1,631,2020,14,12025467.73
Delhi,2,3,404,1979,1,6393588.82
Bengaluru,3,2,3060,2008,27,37453087.58
Mumbai,3,1,1928,2007,2,35062501.9
Mumbai,4,3,2582,1970,22,47159684.78
Hyderabad,2,1,1536,2018,24,15893436.8
Chennai,3,2,2767,2004,12,26954485.95
Pune,5,2,1353,2013,1,12957681.6
Hyderabad,1,3,2370,2009,10,23887511.92
Hyderabad,2,3,1441,2005,27,14906057.12
Mumbai,5,3,2768,1970,0,50657561.8
Ahmedabad,3,1,1213,1997,2,8846026.56
Bengaluru,1,1,2129,1974,7,25541262.25
Pune,4,2,1132,2000,3,10748820.18
Mumbai,3,3,1557,2020,17,28783814.07
Pune,5,3,544,1999,9,5793525.27
Chennai,4,2,2343,1978,16,22881818.59
Mumbai,3,3,2985,2021,16,54354329.91
Bengaluru,5,1,2652,1982,1,32353858.6
Mumbai,5,3,2690,2020,2,49309927.84
Mumbai,1,1,3289,2013,20,59402127.23
Ahmedabad,4,3,1927,1993,28,14474926.61
Bengaluru,3,1,2620,2004,27,31926449.23
Pune,1,2,3134,2006,6,28413775.16
Bengaluru,4,2,2346,1996,20,28858524.13
Hyderabad,5,3,2593,1990,21,26821058.95
Delhi,4,1,857,1981,5,13362409.71
Mumbai,3,2,2967,2013,19,54071421.87
Bengaluru,3,1,1539,1992,14,18986671.74
Hyderabad,1,3,2014,2022,13,20404031.14
Hyderabad,4,3,664,2004,15,7313004.84
Ahmedabad,4,1,2684,2018,0,19422179.65
Bengaluru,5,3,3067,2019,21,37949285.32
Delhi,3,3,3253,2011,29,49646762.16
Pune,3,2,356,1999,14,3793195.25
Ahmedabad,2,2,412,2009,6,3390741.29
Mumbai,5,1,2535,1978,0,46109834.88
Chennai,2,3,3475,1992,8,33350713.76
Delhi,3,3,1209,1982,12,18748004.09
Delhi,5,1,2430,2007,15,37207726.65
Chennai,4,2,2669,1971,25,25997392.8
Bengaluru,4,2,2642,1972,7,32170884.74
Pune,5,3,1888,2008,0,17859333.68
Bengaluru,5,1,1856,1988,20,23135499.08
Mumbai,2,2,1779,2023,19,32528713.8
Hyderabad,2,2,2759,2015,19,28008237.3
Hyderabad,4,1,3430,1992,7,34768700.07
Pune,2,2,653,1980,8,6086206.41
Mumbai,2,1,2109,2001,21,38416682.45
Delhi,2,1,2737,1974,11,41166324.0
Mumbai,1,3,436,1996,1,8188047.02
Pune,4,2,3258,2020,12,29966635.15
Ahmedabad,3,1,2748,1992,25,19630874.17
Hyderabad,4,3,2979,2024,9,30636843.35
Chennai,5,1,822,1986,3,8410313.11
Delhi,1,1,3326,1988,11,49795982.86
Chennai,3,3,1819,1987,13,17843086.27
Delhi,1,3,1336,1987,4,20286139.58
Mumbai,1,2,1782,2023,23,32515037.95
Hyderabad,4,1,2178,2014,12,22405639.51
Hyderabad,2,3,1351,1975,11,13821562.92
Mumbai,4,2,1761,1970,3,32278166.82
Delhi,5,3,2400,1979,13,36866375.75
Pune,2,2,3215,1983,9,29282722.51
Pune,5,3,2756,2005,25,25796959.18
Bengaluru,1,3,3131,2016,16,38032078.06
Mumbai,5,2,2022,2016,29,37407569.33
Pune,5,2,2059,2022,24,19554148.5
Pune,4,3,2720,2005,12,25403921.61
Ahmedabad,3,1,2507,1980,7,17942617.59
Bengaluru,3,3,788,1998,1,10070157.31
Hyderabad,5,3,1447,1992,11,15351670.92
Ahmedabad,4,2,532,1986,26,4437456.07
Delhi,2,1,325,1994,9,5054028.69
Ahmedabad,4,3,3210,1997,10,23144847.54
Pune,1,3,2911,2007,23,26638083.56
Mumbai,2,2,2076,2019,4,37957601.31
Bengaluru,1,3,2595,2023,0,31523028.95
Pune,5,2,2624,2015,4,24542765.81
Hyderabad,2,2,3061,2015,12,31263115.8
Chennai,4,1,919,2002,16,9250958.93
Ahmedabad,5,2,1846,2000,27,13781064.94
Hyderabad,4,3,3461,1981,10,35304790.18
Bengaluru,2,3,2306,2024,5,28245019.55
Mumbai,3,1,2472,2003,16,44999310.32
Ahmedabad,5,2,1229,2024,7,9536208.81
Delhi,1,3,1362,1986,26,20655534.09
Ahmedabad,2,2,2440,1991,11,17474479.07
Pune,3,1,2051,2011,27,19037401.8
Mumbai,3,2,2960,1996,24,53935708.9
Mumbai,4,1,1761,2024,26,32485578.11
Ahmedabad,1,1,2952,1976,16,20670514.09
Mumbai,3,1,3065,1986,17,55609354.91
Ahmedabad,5,1,3462,1987,3,24824682.21
Ahmedabad,2,1,2260,1998,3,16139687.05
Hyderabad,3,3,960,2004,11,10175591.26
Pune,2,1,704,1983,3,6597630.58
Chennai,4,3,3101,2021,12,30239308.52
Pune,4,2,774,1973,25,7620090.55
Ahmedabad,5,1,3054,2016,23,22349954.8
Pune,4,3,589,2018,22,6275566.72
Mumbai,4,3,3224,1974,29,58895538.3
Hyderabad,4,2,1649,2006,24,17469752.69
Ahmedabad,5,1,511,1972,18,4320559.23
Hyderabad,1,1,2232,1992,25,22437419.2
Pune,5,1,1435,1996,18,13653178.93
Chennai,4,3,2851,1991,20,27763663.13
Bengaluru,1,3,2122,2011,9,25689129.47
Hyderabad,1,1,1883,2021,14,19120647.5
Delhi,5,1,3473,2018,0,52822205.62
Ahmedabad,2,3,3467,2008,26,24897104.5
Delhi,2,3,808,1986,1,12427123.27
Pune,4,1,1838,1986,16,17150201.94
Delhi,5,3,491,1970,16,8072663.93
Delhi,4,2,668,1988,10,10614032.02
Chennai,2,1,1593,2003,28,15554037.59
Bengaluru,1,1,1491,1988,20,17965091.15
Bengaluru,3,2,1299,1982,15,16077490.96
Bengaluru,3,3,1781,1994,19,22112940.65
Delhi,4,3,1837,1991,18,28252438.09
Pune,3,2,3362,1988,18,30773220.95
Mumbai,4,1,412,1981,29,7922849.96
Bengaluru,1,1,2916,1997,13,35112228.39
Hyderabad,3,1,1641,2019,15,17084005.76
Mumbai,4,1,1464,1989,21,26864130.36
Delhi,3,2,1059,1989,28,16488957.85
Chennai,2,2,1992,1979,16,19220552.52
Mumbai,2,1,1735,2010,4,31582290.19
Mumbai,1,3,3366,1972,9,60654998.48
Bengaluru,3,2,1959,1993,9,23937607.86
Hyderabad,3,1,1818,2007,19,18749853.99
Pune,4,3,895,2004,14,9023665.38
Delhi,3,2,372,2002,15,6211683.11
Hyderabad,3,3,2855,1971,28,29282426.62
Mumbai,3,1,3238,1991,3,58580795.03
Delhi,1,1,583,1970,16,8829697.48
Bengaluru,3,1,3444,2014,13,41854969.63
Mumbai,1,2,669,1996,21,12370243.91
Mumbai,1,3,943,1998,26,17333174.04
Delhi,2,3,1571,1997,16,24202227.32
Delhi,5,3,668,2022,22,11148182.42
Mumbai,4,3,1323,2002,24,24639295.22
Bengaluru,2,1,630,1985,17,7880822.15
Bengaluru,2,2,1873,1988,3,22772076.42
Mumbai,2,2,3180,2024,23,57869414.59
Ahmedabad,3,2,789,1986,8,6025812.21
Pune,4,1,2017,2006,8,18731134.75
Mumbai,3,1,3117,2012,26,56652531.13
Bengaluru,4,3,1872,1984,27,23371550.23
Bengaluru,3,2,1528,1973,21,18735769.07
Bengaluru,4,3,1122,1972,13,14104327.44
Mumbai,1,1,1937,2007,20,35149416.35
Chennai,5,3,1919,1988,2,18962391.22
Delhi,1,3,2659,2011,22,40383597.88
Mumbai,1,1,1634,2015,22,29632670.43
Ahmedabad,4,2,2325,2018,9,16972948.23
Pune,5,1,1329,2020,12,12764617.03
Bengaluru,1,2,2608,2011,22,31659985.42
Delhi,1,3,3073,1978,28,46403172.41
Bengaluru,5,2,794,2017,22,10635588.43
Chennai,5,2,2967,1987,29,29014176.01
Mumbai,1,2,1020,2012,9,18739510.53
Mumbai,2,3,2553,2008,22,46665713.81
Pune,3,2,711,1993,7,6880879.66
Delhi,1,3,2542,1979,7,38342794.73
Delhi,1,1,1245,2003,18,19063903.97
Mumbai,5,1,544,1998,6,10627757.8
Mumbai,2,1,370,1982,4,6904927.19
Delhi,5,1,2076,1986,10,31913703.07
Mumbai,5,3,2888,2022,10,52921287.8
Mumbai,4,1,2979,1970,28,54234058.95
Chennai,1,3,1687,2020,21,16477386.97
Mumbai,2,1,728,1984,2,13403412.45
Mumbai,1,2,2782,2017,1,50418874.47
Ahmedabad,4,1,3420,2014,17,24470248.85
Bengaluru,5,2,2682,1989,28,32903875.78
Pune,3,3,2921,1973,26,26898576.92
Pune,3,2,2966,2001,26,27402809.41
Chennai,1,3,3495,2003,28,33590131.67
Mumbai,1,1,549,2006,15,10152090.47
Bengaluru,1,3,2832,1988,11,34293925.71
Delhi,4,1,3242,1997,5,49223480.21
Delhi,3,1,1157,2005,9,17847439.79
Hyderabad,2,2,2614,2023,15,26614575.0
Pune,3,2,1929,1999,11,17815355.56
Delhi,3,3,1659,1986,25,25432379.51
Chennai,2,2,3083,2018,29,29980042.71
Delhi,3,2,2408,1970,29,36534607.93
Delhi,5,3,3215,1976,21,49026234.57
Mumbai,5,3,1530,1973,22,28439144.47
Mumbai,1,1,2922,1991,5,52746307.13
Bengaluru,3,3,1840,2015,17,22776560.75
Mumbai,5,3,403,1982,5,8167641.71
Mumbai,3,1,1505,2007,15,27800956.78
Pune,5,1,3150,2021,10,29115895.74
Pune,3,2,2294,1999,27,21164895.73
Mumbai,2,1,1291,2005,22,23683350.49
Chennai,3,2,814,1985,4,8182944.69
Hyderabad,5,1,682,1988,10,7598607.08
Delhi,5,3,1599,2017,18,24999847.52
Bengaluru,4,1,1638,1974,18,20247663.07
Bengaluru,2,2,1436,2011,19,17717520.83
Ahmedabad,5,2,1890,2023,17,14272229.12
Mumbai,3,1,1239,1974,22,22776035.72
Hyderabad,2,2,2174,1970,6,22041212.1
Hyderabad,4,2,2049,2019,14,21340989.76
Mumbai,2,1,674,2012,14,12511649.4
Chennai,4,2,2513,1972,27,24301135.19
Mumbai,5,1,3089,1971,3,56153271.4
Mumbai,3,3,3007,1977,28,54651405.17
Hyderabad,4,3,1467,2015,29,15593079.58
Hyderabad,5,3,1562,2017,26,16628355.51
Delhi,3,3,2559,2006,9,39104680.69
Delhi,1,3,2954,2022,29,44801675.08
Bengaluru,4,1,3435,2011,29,41905890.83
Pune,3,2,2269,1976,11,20833317.81
Mumbai,2,3,2832,1989,2,51244216.42
Ahmedabad,1,3,659,1980,13,4742459.09
Mumbai,2,3,3420,2005,28,62186839.26
Pune,4,1,3457,1973,17,31688494.67
Mumbai,2,3,310,1997,13,6014580.68
Delhi,5,2,1589,2009,13,24739315.06
Bengaluru,2,1,1762,2011,20,21545916.9
Bengaluru,1,2,1412,2017,17,17389357.89
Chennai,5,1,3403,1978,7,33013035.26
Bengaluru,3,1,1405,1982,15,17309753.88
Delhi,4,3,3108,2004,15,47586513.46
Bengaluru,4,3,2692,2001,29,33172434.58
Delhi,4,2,569,2000,21,9382574.09
Pune,1,1,1995,2007,5,18102659.6
Chennai,3,1,3105,2003,15,30010876.88
Pune,5,2,3059,2024,7,28570701.39
Pune,2,3,2091,1981,16,19174032.77
Delhi,5,3,607,1994,8,9990832.2
Bengaluru,4,1,2986,2011,17,36393524.9
Mumbai,4,1,636,2023,3,11966037.84
Mumbai,2,2,2054,2014,22,37440230.58
Pune,3,2,1434,1982,6,13400162.39
Delhi,1,2,1170,1982,17,17851510.93
Bengaluru,2,1,1494,1990,29,18230050.68
Bengaluru,4,3,1524,2021,9,19064199.71
Delhi,5,3,2731,2021,29,41913270.96
Chennai,1,3,2166,2003,15,21069975.73
Pune,4,1,3321,1977,7,30381987.91
Hyderabad,2,2,1182,1980,6,12123837.16
Mumbai,1,1,2763,1998,20,49988428.76
Bengaluru,2,2,792,2020,21,10053109.55
Mumbai,1,3,1694,1980,23,30812432.34
Pune,1,2,2531,2007,27,23149667.62
Chennai,5,3,2524,2012,3,24997300.69
Hyderabad,3,2,2599,2004,13,26643070.21
Mumbai,3,1,2261,1987,15,41075525.29
Ahmedabad,4,3,436,2016,15,3829624.42
Delhi,5,1,3149,1972,25,47946143.83
Pune,3,3,451,1974,2,4562015.96
Delhi,1,3,1486,1981,8,22424086.68
Bengaluru,2,3,386,2017,22,5381789.06
Mumbai,1,2,969,1972,25,17693485.86
Chennai,5,2,2344,2002,19,23181291.54
Pune,2,2,3225,2021,14,29438277.25
Mumbai,5,2,2972,2012,15,54396932.95
Mumbai,4,3,829,1990,27,15727345.19
Delhi,2,2,644,2021,16,10266153.83
Mumbai,3,1,491,1974,25,9147583.7
Mumbai,5,2,884,2017,1,16979934.13
Delhi,4,3,2377,1980,27,36439786.5
Delhi,5,1,1761,1997,25,27204179.92
Delhi,2,1,2019,2016,1,30591911.56
Pune,1,1,1060,2011,21,9956015.01
Chennai,1,2,977,2004,12,9507428.66
Mumbai,2,1,956,2007,16,17611609.44
Pune,5,2,462,2015,13,5179020.94
Chennai,3,1,2076,2000,20,20189947.09
Mumbai,4,2,1281,2018,22,23852215.46
Bengaluru,4,2,1009,2019,17,12925755.28
Pune,1,2,1785,1982,6,16112981.39
Hyderabad,3,3,1303,2004,16,13678471.1
Hyderabad,4,3,2469,2017,11,25579039.19
Bengaluru,3,2,1388,2004,3,17271779.75
Bengaluru,2,2,2256,2017,14,27465828.04
Mumbai,4,2,1711,2014,25,31596345.54
Mumbai,5,2,1610,1972,21,29659845.56
Chennai,4,3,402,2011,28,4639817.29
Hyderabad,3,2,1781,2007,17,18321700.97
Chennai,5,2,2275,2015,11,22358232.67
Bengaluru,2,2,1747,2001,8,21397835.46
Pune,3,3,1134,2011,10,10734832.33
Delhi,4,3,1775,1986,8,27346128.85
Chennai,3,2,1516,1989,21,14907757.02
Delhi,3,1,3110,2011,2,46932979.61
Pune,1,3,1013,1988,28,9352661.46
Pune,4,3,329,1994,27,3795944.35
Bengaluru,2,2,1316,2015,25,16242592.76
Pune,1,1,1657,2004,19,15086663.99
Pune,5,1,984,1976,22,9533002.14
Pune,2,1,1109,1987,21,10244952.17
Mumbai,3,1,486,1995,15,9091881.19
Mumbai,4,3,730,2016,15,13932339.82
Hyderabad,2,2,1126,1996,26,11817995.79
Hyderabad,4,1,2089,2012,16,21529000.66
Pune,5,2,1019,2005,27,10030604.45
Mumbai,4,1,1225,1992,15,22737037.82
Chennai,5,1,3144,1972,14,30402859.39
Bengaluru,4,3,760,2011,20,10038675.37
Mumbai,4,1,1137,2005,1,21108145.51
Bengaluru,2,1,1249,2005,29,15538423.69
Mumbai,5,2,991,2021,14,18729240.0
Pune,3,3,1873,1975,19,17470025.0
Delhi,4,2,2173,1974,19,33236250.25
Hyderabad,3,1,577,1973,28,6199671.75
Mumbai,2,2,1482,2004,24,26914753.99
Bengaluru,3,3,1504,2001,1,18488223.94
Hyderabad,1,2,2770,2022,10,27879824.2
Pune,3,3,640,1973,6,6273075.82
Pune,4,3,2757,1980,7,25405060.28
Mumbai,3,1,311,1972,9,5962693.79
Pune,1,2,853,2016,4,7957564.21
Hyderabad,5,2,484,1989,17,5632106.51
Ahmedabad,1,2,500,1979,24,3530810.7
Pune,4,3,359,1971,0,3896565.07
Bengaluru,2,3,868,1983,1,10824658.04
Mumbai,4,1,2472,2008,23,45263343.9
Chennai,2,2,631,1991,23,6230959.03
Chennai,5,2,2553,1985,28,25112402.14
Delhi,4,2,2641,1972,22,40232194.78
Mumbai,3,3,1264,1973,20,23379008.66
Mumbai,4,1,3352,1992,13,61054786.55
Mumbai,4,1,980,2023,14,18219043.36
Chennai,3,2,1146,2012,0,11431088.77
Mumbai,3,1,775,1988,13,14361988.6
Chennai,3,3,1968,1978,28,19266963.61
Mumbai,1,3,2285,2014,4,41373887.35
Mumbai,4,3,907,1980,6,16923391.72
Ahmedabad,3,1,2401,1995,15,17217044.3
Pune,1,2,1151,1975,7,10535171.63
Pune,3,1,2478,2004,4,22885563.94
Delhi,1,3,2095,2020,21,31951230.54
Ahmedabad,3,1,470,1982,12,3831883.76
Chennai,3,2,1157,2017,18,11570319.24
Bengaluru,3,1,1223,1978,19,15147468.43
Ahmedabad,3,2,1365,1996,10,10107227.69
Mumbai,3,3,1771,1975,13,32518200.79
Mumbai,3,3,2399,2023,14,44019153.75
Pune,3,3,2244,1981,25,20735054.54
Ahmedabad,5,2,899,1985,24,7215996.66
Ahmedabad,5,2,2463,2023,3,18270071.58
Bengaluru,3,2,2324,1992,12,28346676.37
Mumbai,4,3,2714,1995,24,49647489.17
Bengaluru,3,2,647,1986,2,8149451.65
Bengaluru,4,1,984,1984,13,12330933.62
Bengaluru,5,2,543,2007,22,7522796.53
Bengaluru,1,2,3356,2010,9,40747566.62
Hyderabad,3,1,2860,2013,20,29126617.41
Delhi,4,1,943,2012,21,14871463.33
Hyderabad,1,1,590,1977,28,5975515.59
Pune,4,2,1055,2012,26,10232709.68
Mumbai,5,3,858,2000,3,16347029.27
Hyderabad,2,3,2889,1999,21,29586715.98
Chennai,2,2,992,1976,28,9746648.21
Mumbai,2,2,2946,1995,12,53521333.82
Delhi,3,1,2954,2006,29,44763646.8
Delhi,1,2,1847,2023,29,28096005.28
Bengaluru,4,3,471,2023,17,6534753.92
Hyderabad,3,2,2071,2007,4,21228828.59
Mumbai,4,1,1421,1998,23,26128953.73
Hyderabad,4,3,2481,2011,24,25675741.53
Pune,4,3,1954,2018,8,18428270.81
Mumbai,5,3,2544,2011,20,46688449.81
Hyderabad,5,3,2202,1972,18,22845581.82
Delhi,5,3,334,1975,11,5827895.58
Bengaluru,2,3,2223,2020,20,27091120.51
Mumbai,5,3,2356,1983,12,43296669.24
Chennai,1,1,1751,1970,9,16676446.08
Ahmedabad,1,1,605,1981,24,4233991.61
Pune,3,2,2330,1974,10,21384568.02
Mumbai,5,3,2169,1997,17,39900024.87
Mumbai,3,3,2484,2009,19,45457195.78
Hyderabad,4,2,1572,2003,15,16453831.17
Delhi,5,1,447,2023,17,7650593.67
Delhi,2,2,2338,2014,17,35649237.33
Bengaluru,1,3,1470,2004,6,17901763.69
Pune,5,1,1004,2020,10,9843206.13
Delhi,4,3,1612,1988,27,25056232.14
Delhi,5,2,1500,2006,25,23464489.66
Bengaluru,5,2,1666,2023,21,21059743.98
Mumbai,3,1,3187,2013,22,57899457.44
Hyderabad,3,3,1218,2001,29,12801089.6
Ahmedabad,2,3,2240,2008,22,16159935.0
Mumbai,3,2,1458,2019,15,26841860.31
Hyderabad,3,1,544,2014,24,6087555.77
Hyderabad,5,1,2690,1989,4,27636245.29
Chennai,4,1,327,2010,1,3569293.78
Delhi,5,3,1977,1971,7,30407417.55
Mumbai,5,3,1548,1993,18,28852207.66
Bengaluru,5,3,3049,1970,3,37487645.45
Pune,1,2,790,2003,24,7511567.35
Delhi,1,2,1822,1978,0,27286844.22
Pune,1,2,2171,2013,7,19758769.95
Hyderabad,5,2,3441,2001,8,35154701.21
Mumbai,2,2,2889,2021,17,52469479.47
Delhi,4,3,1491,1978,12,22904952.84
Delhi,4,1,571,1984,2,9191711.12
Hyderabad,2,3,2872,1973,9,29084296.24
Delhi,5,3,916,1977,2,14477869.13
Pune,5,2,1487,1982,11,14169071.31
Pune,4,1,2655,1976,1,24373021.72
Hyderabad,5,3,478,1974,22,5640895.69
Mumbai,2,3,508,2014,1,9628003.52
Hyderabad,3,2,3470,1987,10,35208843.94
Hyderabad,5,3,2049,1988,29,21487715.29
Chennai,4,3,516,2013,22,5741257.13
Delhi,1,3,3217,2005,6,48553629.89
Delhi,2,3,1877,1986,12,28597050.82
Chennai,3,2,2893,2005,24,28079142.79
Mumbai,3,2,3486,2003,27,63453643.69
Delhi,5,2,3294,1995,15,50340418.81
Delhi,3,2,1382,1976,8,21034370.55
Ahmedabad,5,3,1523,2023,3,11773923.73
Pune,3,1,2054,1985,5,18947527.04
Mumbai,1,3,1142,2011,20,20878144.25
Hyderabad,3,3,2556,2004,15,26355560.94
Chennai,3,3,1769,2004,19,17633650.55
Ahmedabad,1,3,2173,2019,21,15653514.59
Chennai,3,3,861,2005,22,8806194.33
Ahmedabad,1,2,1283,2009,28,9284046.34
Mumbai,4,1,3128,1970,1,56599127.24
Pune,2,2,2849,1976,28,25890734.73
Mumbai,5,1,849,1983,7,15888416.63
Bengaluru,1,2,3464,1989,20,41605030.89
Bengaluru,3,1,2653,2018,10,32248570.49
Delhi,5,3,1805,1999,5,27937159.7
Pune,1,1,3440,1989,15,31174095.54
Bengaluru,2,1,2157,1978,10,25923394.5
Chennai,2,3,456,2007,26,4923953.56
Ahmedabad,1,1,515,1973,3,3566928.62
Pune,3,3,2406,2001,0,22177125.79
Mumbai,2,3,2205,2011,23,40301328.54
Mumbai,5,2,3041,1982,16,55665354.68
Bengaluru,2,3,798,1999,25,10062568.57
Bengaluru,4,3,2418,1987,9,29575040.21
Delhi,4,2,351,2019,10,6083484.26
Pune,2,2,2868,2016,11,26174867.06
Bengaluru,1,3,910,1999,28,11332779.47
Chennai,4,2,1822,2010,9,18026974.36
Pune,1,3,1433,1991,2,13100864.3
Hyderabad,3,1,1805,2004,17,18598800.1
Bengaluru,5,1,478,1970,26,6383574.23
Delhi,4,3,360,2023,7,6239238.95
Chennai,3,1,834,1976,11,8243720.54
Hyderabad,4,3,3161,2014,3,32382913.6
Hyderabad,2,2,2781,1986,4,28221395.21
Chennai,1,1,737,2016,20,7391632.14
Pune,1,3,2882,1995,12,26202671.58
Ahmedabad,4,3,3141,2002,14,22845759.67
Mumbai,5,1,1890,2002,15,34846059.1
Ahmedabad,5,2,2426,1972,22,17674293.75
Bengaluru,3,2,2379,2000,17,29286078.3
Ahmedabad,1,1,2617,2021,5,18476390.06
Hyderabad,4,1,2473,1986,0,25183195.38
Mumbai,2,3,2283,1981,23,41589409.54
Delhi,4,1,2534,2019,25,38985369.33
Mumbai,4,2,2360,1984,24,43066203.77
Mumbai,5,3,3488,2007,8,63815764.91
Mumbai,1,1,1027,2006,24,18740436.4
Mumbai,1,1,1596,2022,17,29010751.23
Ahmedabad,2,3,1664,1990,17,12109190.98
Bengaluru,2,2,795,1989,4,9919689.46
Hyderabad,1,1,3385,2018,28,34215499.54
Delhi,3,1,3450,1996,14,52194125.82
Mumbai,3,2,2271,1995,24,41370486.86
Hyderabad,5,3,2797,2002,9,28960310.59
Hyderabad,4,1,2935,2018,23,30046004.76
Chennai,3,1,2098,2015,13,20323359.83
Bengaluru,5,2,2153,1970,16,26658479.22
Bengaluru,4,3,1657,2012,25,20639013.23
Mumbai,1,2,3492,2014,19,63135267.32
Chennai,4,1,3128,1983,23,30093926.67
Delhi,4,2,3008,1997,15,45891824.38
Hyderabad,4,3,2905,1972,22,29771998.69
Delhi,2,2,3131,1988,1,47247106.23
Bengaluru,4,2,3389,1981,19,41361676.23
Delhi,5,3,1394,2001,15,21746781.72
Chennai,5,3,742,1974,10,7864994.55
Pune,3,2,2928,1992,20,27071727.74
Mumbai,1,2,704,1977,20,12887640.58
Chennai,2,1,846,2024,13,8548851.18
Mumbai,2,1,2869,1986,16,51820966.18
Delhi,3,1,3127,2008,3,47408771.33
Delhi,1,2,2544,1988,1,38221331.57
Mumbai,2,2,1073,1977,28,19763299.71
Hyderabad,1,2,2867,1980,27,29010643.81
Bengaluru,2,1,2559,2017,7,31038599.03
Bengaluru,2,1,1153,1990,11,14202464.58
Pune,4,3,434,1978,0,4572235.94
Chennai,4,2,1769,1975,16,17436400.26
Hyderabad,3,2,3491,1977,20,35571261.29
Pune,1,3,1341,1997,24,12469167.37
Bengaluru,4,2,2630,1979,13,32121675.39
Ahmedabad,1,3,3138,2003,24,22455583.23
Mumbai,5,3,2923,1976,7,53375991.98
Hyderabad,3,2,3368,2023,17,34297610.34
Pune,5,2,608,1979,22,6389883.05
Pune,3,2,1040,1999,18,9994170.28
Mumbai,3,2,2043,1970,11,37233890.28
Hyderabad,5,3,2120,1972,25,22047567.78
Bengaluru,2,2,3245,1980,11,39221652.58
Hyderabad,2,3,1296,1976,25,13411464.56
Chennai,4,3,1235,1978,14,12433814.63
Chennai,5,1,2016,2015,17,20084225.53
Chennai,4,3,554,1984,15,5942377.99
Mumbai,4,2,3304,2006,22,60163779.98
Pune,5,1,1308,1996,6,12455932.24
Mumbai,5,3,367,2009,15,7566550.47
Delhi,2,1,2647,1981,25,39996360.38
Mumbai,4,1,3297,2021,21,60116228.05
Hyderabad,3,1,2829,2015,1,28687110.37
Ahmedabad,4,1,844,1976,23,6571640.34
Hyderabad,5,3,2006,1984,5,20800957.21
Pune,2,2,2351,2000,17,21449165.36
Mumbai,4,1,514,1981,1,9693460.6
Chennai,2,3,1833,2024,1,18062026.67
Delhi,4,1,728,2019,14,11674042.86
Pune,2,2,3211,1995,16,29272287.32
Bengaluru,3,3,1493,2023,6,18676892.44
Pune,1,3,2729,2000,14,24766117.33
Pune,3,3,988,1995,15,9649869.69
Bengaluru,4,2,1006,1991,16,12765764.46
Mumbai,1,2,2850,2018,11,51454104.58
Chennai,2,3,3455,1984,22,33373070.85
Ahmedabad,5,1,2298,1986,17,16841417.62
Hyderabad,4,3,664,2013,6,7529708.08
Mumbai,5,3,845,1971,4,15948562.86
Pune,5,2,2741,1979,5,25357630.3
Pune,3,1,2739,1970,27,25049894.65
Delhi,1,1,1468,1974,25,22150197.18
Mumbai,4,1,2001,2012,18,36754663.91
Bengaluru,1,2,2442,1975,24,29505084.06
Chennai,2,3,1856,1997,15,18107870.3
Bengaluru,1,1,2979,1990,17,35932885.37
Pune,1,1,318,2002,0,3075633.69
Bengaluru,3,1,938,2014,5,11782959.43
Mumbai,4,1,1507,2024,15,27863225.19
Hyderabad,1,1,2856,1971,18,28644405.25
Ahmedabad,2,2,614,1989,8,4766531.79
Delhi,2,1,1057,1976,16,16031458.72
Chennai,5,2,503,1973,23,5537388.83
Mumbai,5,2,2261,1988,11,41466198.43
Mumbai,3,3,1602,1986,0,29262906.95
Delhi,4,1,718,1991,26,11257183.05
Pune,4,1,3072,2018,12,28215635.04
Mumbai,4,2,1469,2017,13,27229586.42
Mumbai,4,2,978,2018,28,18444285.71
Ahmedabad,2,3,1231,1987,27,8975257.29
Bengaluru,1,3,3060,2015,7,37034971.12
Chennai,4,1,2541,2012,13,24719798.88
Delhi,4,1,3025,2024,3,46043185.76
Delhi,4,2,2480,2013,17,38004440.95
Mumbai,4,3,3005,1971,9,54881871.28
Delhi,1,3,2334,2024,6,35453215.16
Delhi,2,2,344,2020,29,5868523.79
Delhi,5,2,1739,1972,2,26668194.67
Mumbai,2,3,1902,1981,28,34792528.65
Bengaluru,4,2,2947,1986,19,35901826.57
Mumbai,5,2,1016,1988,20,19136491.9
Ahmedabad,3,1,1168,2009,15,8695621.64
Pune,4,1,2808,1973,13,25724255.32
Delhi,1,3,2172,2010,1,32980473.96
Mumbai,4,2,1119,1997,10,20798799.41
Mumbai,3,3,741,1981,23,14009614.68
Chennai,5,1,2148,2022,12,21341378.66
Mumbai,5,3,558,1974,25,10919953.92
Hyderabad,5,2,1439,2003,2,15042725.68
Mumbai,4,1,3085,2019,15,56248371.15
Bengaluru,1,1,2742,1975,28,33098085.46
Pune,4,1,2087,2018,28,19448174.92
Bengaluru,1,1,1949,2016,4,23600734.09
Mumbai,3,3,1131,1979,14,20862085.4
Mumbai,4,2,386,2002,15,7674302.22
Bengaluru,3,1,1415,2022,6,17609313.67
Chennai,5,3,2840,1996,25,27901402.22
Pune,5,3,1287,2003,20,12530651.04
Chennai,2,3,2228,1998,21,21564227.82
Ahmedabad,3,1,2719,1980,0,19435765.22
Ahmedabad,3,3,3340,1990,6,24031430.53
Mumbai,4,3,3244,1994,10,59232684.94
Bengaluru,3,3,1374,1971,17,17004308.28
Chennai,1,2,1511,2007,28,14661340.11
Ahmedabad,2,2,2432,2018,14,17513548.87
Bengaluru,2,1,2304,2014,25,28116408.09
Delhi,4,2,1907,1974,29,29198199.35
Mumbai,3,3,1162,1982,23,21529856.02
Ahmedabad,3,1,737,1996,5,5791102.73
Mumbai,1,3,755,1977,0,13743175.34
Hyderabad,5,3,1313,1990,23,13905059.78
Bengaluru,2,2,2120,2023,15,25904091.58
Chennai,5,2,848,1991,6,8917973.76
Mumbai,4,2,458,1983,20,8917726.16
Pune,1,1,2858,1996,23,25917011.63
Pune,4,3,1544,1974,9,14565273.23
Mumbai,4,1,582,2015,1,11179006.35
Ahmedabad,2,2,1247,1994,21,9172414.46
Pune,5,2,864,1971,25,8608664.23
Mumbai,5,3,835,2017,19,16116125.0
Hyderabad,1,3,2220,2022,19,22722477.72
Mumbai,4,1,3192,1970,23,58031221.31
Mumbai,3,3,2300,2020,21,42183750.79
Pune,1,3,2053,2020,3,18930484.07
Bengaluru,3,1,2741,1980,17,33148775.27
Chennai,1,1,475,1984,1,4519178.3
Chennai,4,2,975,2001,27,9823880.32
Mumbai,4,1,738,1994,15,14028200.95
Bengaluru,1,1,1963,2020,21,24000904.29
Chennai,4,1,2781,1985,8,26911996.79
Pune,2,1,1935,2013,6,17744138.41
Bengaluru,3,1,2826,1983,16,34212914.94
Mumbai,4,2,3257,2002,2,59243342.13
Chennai,2,3,2558,2006,17,24803004.33
Bengaluru,4,1,1714,1983,22,21158819.72
Mumbai,2,3,2172,1974,12,39378865.37
Pune,1,1,399,1987,8,3635157.29
Pune,2,1,2682,1998,3,24317624.23
Hyderabad,1,1,1019,1980,13,10325504.3
Mumbai,1,1,3345,1982,3,60252636.61
Bengaluru,1,1,819,2013,1,9971442.18
Ahmedabad,1,2,1355,2002,29,9850567.41
Bengaluru,2,1,2990,1995,24,36197225.26
Bengaluru,3,2,879,1994,18,11073748.96
Mumbai,4,3,2658,1992,8,48660019.4
Delhi,2,1,1945,1974,25,29495143.16
Mumbai,2,3,2308,2003,4,41907067.04
Hyderabad,3,1,1838,1995,24,18880007.92
Delhi,5,2,1110,2018,9,17617341.51
Pune,2,2,3005,1990,3,27414069.64
Mumbai,4,2,2313,2019,10,42343942.11
Bengaluru,1,3,1652,2020,19,20375875.68
Delhi,3,1,3190,1984,7,48236344.73
Hyderabad,3,2,3454,2019,9,35176223.47
Delhi,4,1,528,1988,0,8468735.85
Hyderabad,4,1,2453,1997,20,25124185.47
Chennai,2,1,2881,1984,12,27607812.16
Mumbai,2,2,416,1999,25,7905184.04
Pune,1,2,2011,1970,16,18279118.47
Delhi,2,2,2246,2010,7,34120289.4
Hyderabad,1,3,745,1998,25,7810110.73
Ahmedabad,4,3,1601,2020,22,12182129.09
Bengaluru,2,1,3000,1990,8,36199682.36
Mumbai,4,2,3268,1982,1,59300986.83
Delhi,2,3,1041,1972,9,15987184.49
Mumbai,1,1,1134,1980,24,20406493.19
Delhi,5,1,3462,1997,28,52666074.07
Ahmedabad,3,2,655,1980,22,5016906.25
Delhi,5,3,2843,2023,14,43579511.66
Mumbai,2,1,1515,2001,18,27581367.21
Pune,2,2,2206,2009,25,20383919.69
Chennai,5,1,1132,1990,26,11468147.02
Ahmedabad,4,1,1340,2009,25,10056331.94
Delhi,5,1,1408,1980,4,21792402.42
Mumbai,1,2,3075,2000,0,55480676.55
Ahmedabad,4,3,1666,1971,7,12144399.5
Hyderabad,3,2,1170,2006,20,12345387.06
Chennai,4,3,337,1989,17,3935887.01
Mumbai,1,2,753,2010,24,13921094.37
Chennai,3,1,1124,2020,2,11298704.94
Bengaluru,5,2,1528,2016,21,19058026.36
Delhi,2,2,3231,1981,12,48775292.24
Chennai,1,2,2603,2001,29,25110274.66
Mumbai,2,3,3037,1982,27,55096381.95
Pune,2,3,1103,2018,4,10514493.91
Chennai,1,2,2098,1973,25,20028689.27
Mumbai,3,2,1864,1992,20,34098214.64
Delhi,1,3,2404,2012,16,36387015.47
Pune,5,2,2110,2022,6,20001657.03
Pune,1,3,1853,1978,0,16786884.17
Ahmedabad,1,3,3078,1975,2,21746792.3
Hyderabad,2,2,643,1990,10,6956324.39
Pune,2,1,2088,1999,16,19117850.49
Bengaluru,4,3,2368,2019,10,29265093.53
Bengaluru,1,1,1606,1989,24,19494980.01
Mumbai,3,2,402,2002,22,7766575.54
Hyderabad,5,2,3290,1984,12,33636590.27
Chennai,2,3,1290,1998,9,12738185.96
Pune,4,2,795,1993,12,7940872.97
Pune,4,2,2237,2006,25,20967650.94
Bengaluru,3,2,2197,1991,18,26876590.55
Bengaluru,3,3,732,2017,6,9450698.49
Bengaluru,3,3,714,2012,4,9235794.65
Mumbai,4,2,383,1984,19,7526054.3
Bengaluru,2,2,358,1995,18,4521743.09
Mumbai,5,3,2786,2019,13,51130642.64
Bengaluru,3,1,694,2013,11,8896690.27
Bengaluru,3,3,320,1979,10,4286520.28
Ahmedabad,5,2,1474,1982,4,11026930.28
Bengaluru,3,3,400,1990,25,5305226.59
Pune,3,1,811,1986,10,7536399.36
Delhi,5,1,1803,1976,29,27837847.29
Ahmedabad,4,2,1276,2001,13,9579735.94
Pune,5,2,1613,2009,14,15397468.81
Mumbai,1,2,855,1981,24,15609683.76
Mumbai,5,2,2230,1991,9,40964726.53
Mumbai,5,2,2726,1987,13,49807444.02
Bengaluru,5,1,2447,1974,0,29929078.29
Delhi,2,1,1037,1976,7,15685277.46
Mumbai,5,2,785,1973,9,14732720.61
Delhi,1,3,2065,1997,4,31143246.48
Bengaluru,4,3,1563,1980,7,19422911.73
Chennai,5,3,2713,2003,9,26698679.1
Bengaluru,1,1,533,1994,19,6707304.85
Mumbai,1,3,3410,2024,14,61922723.77
Hyderabad,5,3,2041,2002,15,21184699.69
Mumbai,3,1,404,1987,10,7631170.4
Chennai,3,2,1012,2016,1,10254469.39
Bengaluru,2,2,535,2024,7,6850818.31
Chennai,4,3,3475,2014,18,33780731.15
Bengaluru,1,3,2847,2002,29,34668702.45
Bengaluru,1,2,436,1992,2,5402850.53
Ahmedabad,5,2,2077,1994,2,15251544.98
Delhi,3,3,534,2004,16,8656143.1
Mumbai,5,3,647,2009,1,12671277.57
Pune,4,2,3323,1998,8,30581265.97
Pune,1,1,1528,1990,25,13914316.6
Hyderabad,1,1,364,1989,24,3815549.58
Bengaluru,2,1,668,2010,2,8393406.46
Pune,1,3,1769,2023,3,16346674.9
Bengaluru,2,2,3346,2009,0,40518213.59
Pune,3,1,1738,2007,10,16023195.63
Delhi,4,3,321,1998,10,5484371.88
Ahmedabad,4,3,2987,2024,6,21847108.01
Ahmedabad,2,1,2580,2003,12,18308829.09
Chennai,4,1,2477,1982,28,24083824.55
Pune,4,3,1978,2000,7,18655046.06
Hyderabad,1,3,3206,1994,12,32356160.72
Delhi,5,3,2064,2017,25,32053598.93
Bengaluru,1,3,398,2016,6,5223119.72
Delhi,3,2,1432,2008,4,22003769.17
Hyderabad,4,3,1612,2015,16,17086625.76
Ahmedabad,3,3,1831,2011,28,13635325.09
Mumbai,4,1,1531,1988,23,28196093.24
Pune,5,1,916,2005,25,9049822.28
Mumbai,1,3,3035,1981,24,54871332.38
Delhi,2,3,415,2004,1,6630023.4
Mumbai,2,1,2443,1995,19,44168937.47
Delhi,3,2,3043,1981,20,46161755.08
Hyderabad,1,2,2568,1985,21,26013245.75
Pune,3,3,1657,2008,4,15577353.24
Bengaluru,3,2,2263,2003,17,27744290.01
Ahmedabad,1,2,2665,1992,13,18813821.85
Delhi,3,2,1741,2018,11,26756768.28
Delhi,1,3,2190,1989,17,33113384.81
Pune,1,3,2306,2001,9,21146602.97
Bengaluru,3,1,1001,2016,1,12554535.54
Bengaluru,4,1,851,1988,2,10826269.23
Bengaluru,3,3,2650,1975,15,32366603.03
Bengaluru,1,1,2743,2014,9,33135006.94
Delhi,1,1,3136,2006,19,47249390.36
Pune,1,1,2441,1976,0,21948429.32
Ahmedabad,3,1,3383,2004,3,24132967.84
Chennai,2,1,643,1985,0,6296326.17
Chennai,3,3,3336,1982,1,32186810.0
Delhi,4,3,328,1971,28,5513950.27
Mumbai,5,1,3287,1988,6,59923710.48
Hyderabad,3,2,872,1995,6,9177403.19
Ahmedabad,3,2,3222,2008,1,22986225.91
Delhi,5,1,1927,1999,6,29668576.87
Ahmedabad,1,3,492,2020,5,3819268.33
Pune,5,1,639,1970,19,6310585.7
Pune,1,2,1098,1996,16,10047636.52
Hyderabad,5,2,799,1990,12,8740704.39
Hyderabad,1,2,2815,2002,13,28445399.73
Ahmedabad,4,1,2055,1977,23,14854469.86
Bengaluru,3,1,3437,1984,21,41694354.12
Bengaluru,3,1,2224,1995,12,27078258.45
Delhi,3,3,926,2018,29,14752971.08
Mumbai,4,1,3286,1986,7,59651116.75
Bengaluru,1,3,2175,1980,24,26302930.55
Mumbai,4,3,3234,1992,26,59021986.51
Delhi,5,1,433,1970,5,7240328.11
Hyderabad,2,3,2523,2007,28,25850899.38
Hyderabad,3,2,1639,2015,3,16935627.32
Pune,2,3,1778,1980,3,16317333.25
Mumbai,1,1,613,1993,8,11158393.15
Mumbai,4,2,570,1972,10,10872026.44
Bengaluru,3,3,1526,1984,12,18922549.86
Mumbai,2,2,1695,2010,23,31043911.16
Bengaluru,4,2,1366,1995,6,16966759.78
Pune,2,1,2814,1971,20,25503930.08
Delhi,5,3,2743,1991,19,42147368.54
Pune,4,3,610,1982,15,6146167.58
Hyderabad,2,2,1659,2007,13,17053141.29
Mumbai,5,1,1148,2023,6,21555904.59
Pune,5,3,686,2021,9,7137713.5
Delhi,2,2,684,2011,1,10707724.35
Pune,4,3,1101,2015,16,10727090.16
Pune,4,1,1204,2010,21,11612546.21
Mumbai,2,3,2036,1975,18,36947055.72
Bengaluru,1,3,786,1988,21,9806839.8
Bengaluru,1,2,2561,1977,28,31032372.36
Bengaluru,4,2,1686,1979,23,20889550.49
Mumbai,5,1,2296,1987,28,42194735.86
Bengaluru,1,2,896,1978,27,10978824.24
Delhi,3,1,2160,2010,25,32834756.67
Mumbai,4,1,3334,2010,5,60684958.06
Hyderabad,1,1,2140,2002,18,21552976.24
Ahmedabad,5,2,313,2005,3,3028163.95
Hyderabad,2,1,1351,1973,29,13785090.52
Delhi,2,1,1864,1987,9,28151074.31
Mumbai,2,1,576,1970,14,10633917.64
Chennai,1,2,2727,2015,15,26168499.38
Hyderabad,5,2,2175,1970,12,22417095.75
Pune,5,3,3256,1983,10,29977345.97
Hyderabad,3,1,2470,2000,16,25145889.11
Pune,3,2,3056,1975,29,28136115.23
Mumbai,3,1,2703,2023,25,49333530.53
Bengaluru,2,2,342,1979,29,4538174.04
Delhi,2,2,649,1971,9,10030972.14
Bengaluru,4,2,1648,2019,18,20559708.89
Pune,3,3,2976,2012,19,27641386.49
Delhi,2,2,2249,1978,13,34153742.6
Mumbai,2,3,3439,1975,13,62239844.5
Bengaluru,3,1,1502,2018,5,18633474.39
Pune,3,2,3475,1980,6,31538579.03
Bengaluru,2,2,2491,1978,27,30276919.27
Pune,1,1,3146,1990,21,28377256.97
Bengaluru,2,1,2452,1970,8,29491908.62
Mumbai,4,3,681,1979,14,12859619.04
Bengaluru,5,1,2286,1998,17,28180303.17
Chennai,2,1,3402,2009,9,32674986.05
Bengaluru,5,3,3059,1997,7,37705713.72
Hyderabad,3,3,1153,1986,3,12073485.83
Bengaluru,5,1,2315,1980,19,28508762.88
Mumbai,3,3,3031,2009,5,55247430.7
Mumbai,5,3,504,1978,3,9830967.1
Hyderabad,5,2,405,1982,6,4692095.26
Ahmedabad,5,1,1765,1997,20,13128723.11
Bengaluru,5,2,2036,2002,13,25265866.14
Hyderabad,1,2,1769,1982,29,17939980.17
Chennai,2,1,1547,2012,7,15040872.92
Chennai,3,1,2524,2012,16,24451130.68
Bengaluru,1,2,3302,1981,14,39766606.69
Delhi,1,1,3177,1984,6,47792476.53
Mumbai,2,2,2411,2007,13,43929639.52
Bengaluru,1,2,3459,1988,1,41458346.36
Bengaluru,1,1,2905,1978,1,34944237.58
Mumbai,5,1,2106,1970,21,38561878.91
Delhi,4,2,2842,2010,17,43379833.92
Hyderabad,3,1,1094,1980,16,11378762.8
Pune,3,1,675,1998,14,6480324.63
Pune,2,1,1490,1995,1,13592076.68
Delhi,3,1,2356,1982,27,35850020.12
Pune,3,1,952,2009,22,9060023.74
Bengaluru,3,2,2543,2002,23,31161241.57
Pune,4,2,3348,2014,11,30818482.47
Chennai,2,2,1815,2017,4,17649314.02
Hyderabad,3,1,425,2019,29,4946480.41
Mumbai,3,1,3385,1970,16,61349382.23
Bengaluru,3,3,820,2023,29,10662118.32
Mumbai,1,2,313,2015,0,5817090.57
Mumbai,4,2,1544,1993,14,28276829.3
Hyderabad,3,2,1606,1979,2,16424133.62
Mumbai,5,2,2440,1970,3,44571155.84
Hyderabad,1,1,2693,1986,6,27088400.79
Bengaluru,4,2,1703,1988,23,21068082.82
Hyderabad,3,3,3073,1984,9,31277953.38
Mumbai,4,2,2154,2006,29,39622143.29
Chennai,1,2,3475,1981,20,33155176.22
Bengaluru,1,2,552,2008,27,6905963.2
Delhi,3,2,598,1984,20,9546893.53
Delhi,1,3,1173,1997,22,17958015.73
Chennai,5,2,2243,2020,25,22327189.88
Mumbai,1,2,1309,2012,17,23878340.78
Pune,2,2,329,2008,22,3583272.61
Chennai,1,3,2162,1978,12,20746197.97
Delhi,3,1,3136,2000,19,47550450.19
Hyderabad,5,1,652,2001,19,7286760.28
Hyderabad,4,3,3328,2023,1,34177912.5
Bengaluru,4,1,3216,1989,1,39052236.3
Mumbai,2,1,3362,2020,8,61036056.12
Mumbai,4,2,2179,1982,10,39928795.84
Chennai,3,1,2054,1988,23,19992949.62
Delhi,4,2,1224,1986,3,18939028.53
Bengaluru,5,3,1007,1979,24,12977074.54
Bengaluru,1,2,1093,1977,2,13255635.78
Mumbai,2,2,556,2017,6,10431864.59
Pune,2,3,867,2016,25,8465640.91
Chennai,1,1,1662,1999,4,15863864.31
Bengaluru,2,3,1805,1992,15,21990476.98
Mumbai,1,3,502,1974,24,9326386.26
Bengaluru,4,1,1544,1978,9,19021635.42
Mumbai,2,3,2555,2002,28,46492571.25
Chennai,4,1,3246,2023,22,31693732.13
Mumbai,1,3,1325,1993,13,24000734.62
Mumbai,3,3,3306,1984,25,60139378.56
Mumbai,4,1,2092,2012,17,38371161.3
Bengaluru,1,3,1029,2017,20,12848694.84
Bengaluru,3,3,369,1970,21,4810908.56
Delhi,5,3,3206,2019,19,49072818.97
Bengaluru,2,1,741,2005,1,9193752.11
Bengaluru,5,1,876,2016,0,11252123.52
Hyderabad,2,1,3335,2002,4,33636633.37
Bengaluru,1,3,355,1970,11,4312746.09
Delhi,1,1,3140,1970,9,46918440.17
Hyderabad,1,2,719,1986,16,7368254.67
Mumbai,4,2,2990,2012,24,54435913.88
Mumbai,2,3,716,1985,10,13237244.11
Pune,5,2,3451,1999,1,31894114.77
Pune,1,2,900,1997,28,8403607.32
Mumbai,3,3,513,1979,28,9771213.61
Hyderabad,1,3,536,2004,20,5793100.64
Mumbai,5,2,1403,1976,3,26001931.41
Bengaluru,4,2,2145,2024,16,26473038.47
Bengaluru,3,1,1809,1991,20,22191796.96
Pune,1,3,943,1985,15,8763159.82
Ahmedabad,1,3,421,1986,12,3281041.73
Pune,4,1,3215,2012,4,29653158.31
Mumbai,5,1,1972,1982,10,36249257.41
Mumbai,2,1,2148,1986,6,38994355.39
Mumbai,4,1,1598,1976,8,29240601.44
Delhi,5,3,1069,2019,17,17240015.37
Pune,1,2,3451,1980,0,31248187.58
Mumbai,4,1,2966,1985,18,53886883.17
Mumbai,2,2,1942,2018,8,35435744.73
Hyderabad,5,3,1295,2005,2,13816397.78
Ahmedabad,1,1,3282,1995,3,22939404.63
Chennai,5,2,1494,2021,2,15064898.24
Mumbai,4,2,1131,2009,14,21035455.38
Bengaluru,3,1,1583,1984,16,19526784.5
Delhi,2,3,1301,1992,17,19927054.61
Bengaluru,3,1,3438,2006,18,41738009.86
Pune,1,1,1288,1995,3,11814622.64
Ahmedabad,3,3,1152,2010,22,8764194.12
Mumbai,5,3,2058,1990,25,37851871.23
Hyderabad,1,1,2330,2024,27,23624224.05
Ahmedabad,4,1,3137,1983,16,22490782.43
Bengaluru,5,2,1719,2024,18,21680239.45
Hyderabad,1,1,3144,1974,5,31575638.37
Chennai,2,1,1802,1982,2,17350326.04
Mumbai,4,2,766,1992,12,14576707.81
Bengaluru,5,3,2920,1976,23,35827889.95
Chennai,5,1,3010,1999,27,29481671.23
Bengaluru,2,1,1228,1974,5,14798076.42
Hyderabad,2,1,3119,2008,21,31602705.65
Mumbai,5,1,1706,1995,22,31577306.18
Bengaluru,4,2,311,1970,9,4208535.74
Delhi,2,3,827,1993,17,12956549.56
Pune,3,2,2828,2019,23,26127676.32
Pune,5,3,3162,1991,10,29420218.59
Bengaluru,5,3,2731,1989,7,33483658.93
Mumbai,2,3,2073,1989,9,37599419.51
Delhi,5,2,2876,1994,5,43931384.15
Mumbai,2,2,739,2005,7,13745481.75
Bengaluru,5,1,932,2002,26,12288211.13
Delhi,3,1,2930,2002,22,44546616.42
Bengaluru,3,1,465,1991,1,5999868.63
Mumbai,2,2,2927,1996,27,52963701.55
Delhi,3,1,2843,1988,20,43165660.79
Delhi,4,1,1331,1985,17,20624623.72
Chennai,1,1,503,1975,8,4838388.39
Chennai,2,1,2686,2023,28,26087298.85
Bengaluru,2,1,2853,1974,22,34391135.46
Hyderabad,1,3,1469,2008,15,15111503.44
Delhi,1,3,1046,2022,15,16122867.98
Pune,4,1,2491,1981,16,23025972.36
Ahmedabad,3,1,3043,1974,11,21669320.25
Bengaluru,2,1,788,1987,17,9662095.23
Mumbai,3,1,1340,2003,13,24596136.68
Hyderabad,3,2,1461,1994,12,15101680.85
Pune,2,3,616,1991,16,5879853.87
Pune,2,2,3104,1991,10,28281546.97
Delhi,3,1,2607,2022,12,39619588.12
Chennai,5,1,3452,1999,8,33572909.86
Delhi,3,1,3181,1979,15,48206694.85
Mumbai,3,2,1187,2005,25,21963624.52
Ahmedabad,1,1,1584,1982,0,11288680.32
Bengaluru,5,2,658,1987,10,8714278.24
Mumbai,4,2,2131,1970,28,39029116.11
Ahmedabad,1,3,926,2014,25,6821315.52
Chennai,1,1,972,1974,4,9234080.12
Delhi,4,3,986,2023,3,15595766.84
Bengaluru,1,1,1400,1983,22,16905168.72
Mumbai,5,3,1350,1975,25,25041175.88
Mumbai,5,1,1629,1988,0,29953983.7
Ahmedabad,3,2,2159,1980,7,15463304.56
Bengaluru,2,3,3185,2022,20,38986582.17
Hyderabad,4,1,1379,1995,23,14445257.5
Ahmedabad,2,1,1773,1994,19,12661492.31
Hyderabad,1,1,1487,2010,27,15245101.92
Bengaluru,2,1,2521,1991,24,30618981.0
Mumbai,3,1,1892,1976,16,34322393.92
Bengaluru,3,1,2104,2016,22,25992488.26
Pune,5,2,1998,2024,9,18934784.6
Pune,3,1,1464,1979,1,13367990.52
Hyderabad,3,2,1409,1982,28,14695714.78
Delhi,3,3,1704,2002,3,26202539.24
Mumbai,4,2,1777,2024,24,32873540.76
Pune,1,3,2371,1974,8,21416648.93
Bengaluru,4,2,317,2013,26,4725398.21
Mumbai,1,3,2151,1987,0,38746441.0
Hyderabad,2,1,3282,2012,10,33134467.33
Hyderabad,2,1,1037,2008,6,10665910.94
Chennai,3,3,616,2013,24,6738888.58
Bengaluru,4,2,1199,2023,5,15329273.14
Mumbai,1,2,2041,2010,29,37146992.92
Pune,5,3,1878,1971,23,17770344.13
Chennai,2,3,1999,2010,29,19693869.66
Hyderabad,4,3,3024,1971,9,30740533.5
Mumbai,3,3,1189,2000,15,22003875.7
Mumbai,4,1,2993,1997,11,54424819.1
Pune,2,3,340,2009,2,3442228.51
Hyderabad,5,2,2715,2021,21,28113042.76
Mumbai,3,2,3388,1993,27,61579335.0
Hyderabad,5,2,3278,1985,14,33431582.64
Bengaluru,1,1,1058,2004,19,12841835.99
Delhi,3,3,2728,2007,8,41441269.94
Bengaluru,1,3,1662,2024,22,20297341.84
Delhi,4,1,542,1998,23,8861686.21
Mumbai,3,2,2486,1972,14,45115138.81
Mumbai,1,1,1419,1978,28,25570970.69
Hyderabad,1,3,2743,2000,21,27592305.89
Mumbai,3,1,2383,1972,0,43180463.19
Mumbai,4,2,2703,1974,22,49203179.9
Hyderabad,1,3,2878,1982,28,29101728.38
Hyderabad,1,1,1212,2018,23,12381956.33
Mumbai,4,2,1269,2024,18,23699082.63
Mumbai,3,2,554,1985,1,10335774.5
Chennai,3,2,489,1976,3,4963543.07
Bengaluru,5,1,354,1998,29,5057095.64
Mumbai,2,3,1989,2006,26,36360928.78
Mumbai,2,3,860,1978,20,15857259.9
Mumbai,5,3,1761,1974,28,32546590.81
Pune,2,1,1998,2023,7,18513967.53
Chennai,1,2,960,1981,10,9202169.18
Pune,3,3,2845,1989,24,26207056.36
Delhi,2,3,2568,1986,25,38973324.67
Mumbai,4,1,2861,1993,26,52078390.93
Mumbai,4,1,3087,2004,11,56284106.41
Bengaluru,2,1,1557,1979,22,19001307.21
Chennai,4,2,2376,2010,19,23287410.8
Mumbai,5,3,3185,1980,11,58205278.98
Hyderabad,2,1,772,1990,13,7931500.11
Delhi,3,3,748,2019,25,12075216.82
Delhi,4,1,361,2006,14,6052641.34
Delhi,1,3,3396,2001,11,51125225.6
Hyderabad,4,1,1758,1975,7,18035766.38
Hyderabad,4,2,474,1990,4,5218311.37
Mumbai,2,3,2098,2018,15,38515665.99
Bengaluru,2,1,1093,1971,28,13242405.13
Pune,1,2,997,2003,27,9163345.77
Bengaluru,3,1,1949,2005,8,23952607.55
Delhi,3,1,1418,1975,9,21535541.68
Bengaluru,4,2,1544,1975,25,19101255.84
Bengaluru,5,3,2143,1979,28,26576812.38
Pune,2,2,631,1983,24,6074166.2
Mumbai,4,3,2229,2020,24,41193125.29
Delhi,2,2,726,2011,16,11357094.73
Bengaluru,4,3,365,2008,8,5121538.48
Bengaluru,2,3,896,1980,6,11055014.97
Hyderabad,1,3,3339,1999,12,33766931.25
Mumbai,2,1,2551,1971,5,46013068.57
Ahmedabad,5,2,432,1973,28,3817585.46
Pune,2,1,1896,2020,9,17506661.89
Bengaluru,1,1,1701,1975,26,20503352.25
Pune,3,2,3368,1973,7,30740850.11
Chennai,3,3,2165,2003,3,21192374.92
Hyderabad,3,2,3466,2018,8,35212224.78
Ahmedabad,3,2,2696,1970,3,19132077.91
Pune,4,1,1969,1970,7,18206054.3
Mumbai,3,1,771,1994,14,14261716.38
Pune,5,1,2469,1979,27,22919098.64
Mumbai,2,1,1533,1995,16,28003656.69
Hyderabad,3,2,1190,2004,0,12347285.56
Ahmedabad,5,2,1040,1995,13,8155572.79
Bengaluru,2,3,3451,2006,28,41989669.54
Hyderabad,1,2,1435,1988,25,14560101.9
Pune,2,3,2884,2011,26,26502406.35
Mumbai,3,2,1503,1984,23,27686579.05
Hyderabad,5,3,1321,1974,29,14071752.54
